ID,KEY,updated,status,WB,WB1,WB2,WB3,WB_SCORE,NAME,NAME_LONG,FORMAL_EN,ADMIN,SUBREGION,CONTINENT
naturalEarthCountries.country.2,Afghanistan|Southern Asia|Asia,7/16/2014 21:47:44,V,Afghanistan,Afghanistan,Islamic State of Afghanistan,History of Afghanistan (1992–present),0.3238928914,Afghanistan,Afghanistan,Islamic State of Afghanistan,Afghanistan,Southern Asia,Asia
naturalEarthCountries.country.250,Akrotiri|Western Asia|Asia,7/16/2014 21:47:44,V,Akrotiri and Dhekelia,Akrotiri and Dhekelia,Akrotiri (Santorini),"Akrotiri, Crete",0.5388079441,Akrotiri,Akrotiri,,Akrotiri Sovereign Base Area,Western Asia,Asia
naturalEarthCountries.country.6,Aland|Northern Europe|Europe,7/16/2014 21:47:44,V,Åland Islands,Kurt Aland,Åland Islands,List of people on stamps of Finland,0.04373405628,Aland,Aland Islands,Åland Islands,Aland,Northern Europe,Europe
naturalEarthCountries.country.5,Albania|Southern Europe|Europe,7/16/2014 21:47:44,V,Albania,Albania,History of post-Communist Albania,Foreign relations of Albania,1.447909753,Albania,Albania,Republic of Albania,Albania,Southern Europe,Europe
naturalEarthCountries.country.67,Algeria|Northern Africa|Africa,7/16/2014 21:47:44,V,Algeria,Algeria,Algeria national football team,French Algeria,1.44625065,Algeria,Algeria,People's Democratic Republic of Algeria,Algeria,Northern Africa,Africa
naturalEarthCountries.country.11,American Samoa|Polynesia|Oceania,7/16/2014 21:47:44,V,American Samoa,American Samoa,,,0.1,American Samoa,American Samoa,American Samoa,American Samoa,Polynesia,Oceania
naturalEarthCountries.country.7,Andorra|Southern Europe|Europe,7/16/2014 21:47:44,V,Andorra,Andorra,,,0.1,Andorra,Andorra,Principality of Andorra,Andorra,Southern Europe,Europe
naturalEarthCountries.country.3,Angola|Middle Africa|Africa,7/16/2014 21:47:44,V,Angola,Angola,People's Republic of Angola,,0.2347342309,Angola,Angola,People's Republic of Angola,Angola,Middle Africa,Africa
naturalEarthCountries.country.4,Anguilla|Caribbean|North America,7/16/2014 21:47:44,V,Anguilla,Anguilla,,,0.1,Anguilla,Anguilla,,Anguilla,Caribbean,North America
naturalEarthCountries.country.12,Antarctica|Antarctica|Antarctica,7/16/2014 21:47:44,V,Antarctica,Antarctica,Argentine Antarctica,Antarctica (1983 film),0.9857841567,Antarctica,Antarctica,,Antarctica,Antarctica,Antarctica
naturalEarthCountries.country.15,Antigua and Barb.|Caribbean|North America,7/16/2014 21:47:44,V,Antigua and Barbuda,Antigua and Barbuda,Barb,The Barb,0.4358057082,Antigua and Barb.,Antigua and Barbuda,Antigua and Barbuda,Antigua and Barbuda,Caribbean,North America
naturalEarthCountries.country.9,Argentina|South America|South America,7/16/2014 21:47:44,V,Argentina,Argentina,,,0.1,Argentina,Argentina,Argentine Republic,Argentina,South America,South America
naturalEarthCountries.country.10,Armenia|Western Asia|Asia,7/16/2014 21:47:44,V,Armenia,Armenia,First Republic of Armenia,Awards and decorations of Armenia,1.335055158,Armenia,Armenia,Republic of Armenia,Armenia,Western Asia,Asia
naturalEarthCountries.country.1,Aruba|Caribbean|North America,7/16/2014 21:47:44,V,Aruba,Aruba,,,0.1,Aruba,Aruba,Aruba,Aruba,Caribbean,North America
naturalEarthCountries.country.13,Ashmore and Cartier Is.|Australia and New Zealand|Oceania,7/16/2014 21:47:44,V,Ashmore and Cartier Islands,Ashmore and Cartier Islands,Flora of Ashmore and Cartier Islands,East Island (Ashmore and Cartier Islands),0.96,Ashmore and Cartier Is.,Ashmore and Cartier Islands,Territory of Ashmore and Cartier Islands,Ashmore and Cartier Islands,Australia and New Zealand,Oceania
naturalEarthCountries.country.16,Australia|Australia and New Zealand|Oceania,7/16/2014 21:47:44,V,Australia,Australia,Government of Australia,Federation of Australia,1.21772947,Australia,Australia,Commonwealth of Australia,Australia,Australia and New Zealand,Oceania
naturalEarthCountries.country.17,Austria|Western Europe|Europe,7/16/2014 21:47:44,V,Austria,Austria,First Austrian Republic,Allied-occupied Austria,1.314724606,Austria,Austria,Republic of Austria,Austria,Western Europe,Europe
naturalEarthCountries.country.18,Azerbaijan|Western Asia|Asia,7/16/2014 21:47:44,V,Azerbaijan,Azerbaijan,Azerbaijan national football team,Association of Football Federations of Azerbaijan,1.492165768,Azerbaijan,Azerbaijan,Republic of Azerbaijan,Azerbaijan,Western Asia,Asia
naturalEarthCountries.country.26,Bahamas|Caribbean|North America,7/16/2014 21:47:44,V,The Bahamas,The Bahamas,List of High Commissioners of the United Kingdom to the Bahamas,,1.848367494,Bahamas,Bahamas,Commonwealth of the Bahamas,The Bahamas,Caribbean,North America
naturalEarthCountries.country.25,Bahrain|Western Asia|Asia,7/16/2014 21:47:44,V,Bahrain,Bahrain,,,0.1,Bahrain,Bahrain,Kingdom of Bahrain,Bahrain,Western Asia,Asia
naturalEarthCountries.country.118,Baikonur|Central Asia|Asia,7/16/2014 21:47:44,V,Baikonur Cosmodrome,Baikonur Cosmodrome,Baikonur,,1.646552652,Baikonur,Baikonur Cosmodrome,,Baykonur Cosmodrome,Central Asia,Asia
naturalEarthCountries.country.28,Bajo Nuevo Bank (Petrel Is.)|Caribbean|North America,7/16/2014 21:47:44,V,Bajo Nuevo Bank,Bajo Nuevo Bank,Petrelle,Petrel,0.1561791785,Bajo Nuevo Bank (Petrel Is.),Bajo Nuevo Bank (Petrel Islands),,Bajo Nuevo Bank (Petrel Is.),Caribbean,North America
naturalEarthCountries.country.23,Bangladesh|Southern Asia|Asia,7/16/2014 21:47:44,V,Bangladesh,Bangladesh,Bangladesh national cricket team,Bangladesh (record producer),1.434700726,Bangladesh,Bangladesh,People's Republic of Bangladesh,Bangladesh,Southern Asia,Asia
naturalEarthCountries.country.35,Barbados|Caribbean|North America,7/16/2014 21:47:44,V,Barbados,Barbados,,,0.1,Barbados,Barbados,Barbados,Barbados,Caribbean,North America
naturalEarthCountries.country.30,Belarus|Eastern Europe|Europe,7/16/2014 21:47:44,V,Belarus,Belarus,,,0.1,Belarus,Belarus,Republic of Belarus,Belarus,Eastern Europe,Europe
naturalEarthCountries.country.20,Belgium|Western Europe|Europe,7/16/2014 21:47:44,V,Belgium,Belgium,Monarchy of Belgium,History of Belgium,1.462487705,Belgium,Belgium,Kingdom of Belgium,Belgium,Western Europe,Europe
naturalEarthCountries.country.31,Belize|Central America|North America,7/16/2014 21:47:44,V,Belize,Belize,,,0.1,Belize,Belize,Belize,Belize,Central America,North America
naturalEarthCountries.country.21,Benin|Western Africa|Africa,7/16/2014 21:47:44,V,Benin,Benin,Republic of Benin (1967),,1.275492677,Benin,Benin,Republic of Benin,Benin,Western Africa,Africa
naturalEarthCountries.country.32,Bermuda|Northern America|North America,7/16/2014 21:47:44,V,Bermuda,Bermuda,"Somers Island, Bermuda",Somers Isles Company,0.8515989326,Bermuda,Bermuda,The Bermudas or Somers Isles,Bermuda,Northern America,North America
naturalEarthCountries.country.37,Bhutan|Southern Asia|Asia,7/16/2014 21:47:44,V,Bhutan,Bhutan,Bhutan national football team,Politics of Bhutan,1.522157016,Bhutan,Bhutan,Kingdom of Bhutan,Bhutan,Southern Asia,Asia
naturalEarthCountries.country.33,Bolivia|South America|South America,7/16/2014 21:47:44,V,Bolivia,Bolivia,Bolivia national football team,Bolivian Football Federation,1.484429399,Bolivia,Bolivia,Plurinational State of Bolivia,Bolivia,South America,South America
naturalEarthCountries.country.27,Bosnia and Herz.|Southern Europe|Europe,7/16/2014 21:47:44,V,Bosnia and Herzegovina,Bosnia and Herzegovina,Football in Bosnia and Herzegovina,,0.5488602161,Bosnia and Herz.,Bosnia and Herzegovina,Bosnia and Herzegovina,Bosnia and Herzegovina,Southern Europe,Europe
naturalEarthCountries.country.38,Botswana|Southern Africa|Africa,7/16/2014 21:47:44,V,Botswana,Botswana,United States Ambassador to Botswana,,1.481838167,Botswana,Botswana,Republic of Botswana,Botswana,Southern Africa,Africa
naturalEarthCountries.country.34,Brazil|South America|South America,7/16/2014 21:47:44,V,Brazil,Brazil,Brazilian military government,,1.492891696,Brazil,Brazil,Federative Republic of Brazil,Brazil,South America,South America
naturalEarthCountries.country.107,Br. Indian Ocean Ter.|Seven seas (open ocean)|Seven seas (open ocean),7/16/2014 21:47:44,V,British Indian Ocean Territory,British Indian Ocean Territory,Indian Ocean,List of shipwrecks in the Indian Ocean,0.5397053383,Br. Indian Ocean Ter.,British Indian Ocean Territory,,British Indian Ocean Territory,Seven seas (open ocean),Seven seas (open ocean)
naturalEarthCountries.country.245,British Virgin Is.|Caribbean|North America,7/16/2014 21:47:44,V,British Virgin Islands,British Virgin Islands,British Virgin Islands passport,"The Settlement, British Virgin Islands",0.5056708038,British Virgin Is.,British Virgin Islands,British Virgin Islands,British Virgin Islands,Caribbean,North America
naturalEarthCountries.country.36,Brunei|South-Eastern Asia|Asia,7/16/2014 21:47:44,V,Brunei,Brunei,,,0.1,Brunei,Brunei Darussalam,Negara Brunei Darussalam,Brunei,South-Eastern Asia,Asia
naturalEarthCountries.country.24,Bulgaria|Eastern Europe|Europe,7/16/2014 21:47:44,V,Bulgaria,Bulgaria,,,0.1,Bulgaria,Bulgaria,Republic of Bulgaria,Bulgaria,Eastern Europe,Europe
naturalEarthCountries.country.22,Burkina Faso|Western Africa|Africa,7/16/2014 21:47:44,V,Burkina Faso,Burkina Faso,Burkina Faso national football team,Fédération Burkinabé de Football,0.8846963607,Burkina Faso,Burkina Faso,Burkina Faso,Burkina Faso,Western Africa,Africa
naturalEarthCountries.country.19,Burundi|Eastern Africa|Africa,7/16/2014 21:47:44,V,Burundi,Burundi,,,0.1,Burundi,Burundi,Republic of Burundi,Burundi,Eastern Africa,Africa
naturalEarthCountries.country.123,Cambodia|South-Eastern Asia|Asia,7/16/2014 21:47:44,V,Cambodia,Cambodia,Kingdom of Cambodia (1953–70),History of Cambodia,1.243476239,Cambodia,Cambodia,Kingdom of Cambodia,Cambodia,South-Eastern Asia,Asia
naturalEarthCountries.country.46,Cameroon|Middle Africa|Africa,7/16/2014 21:47:44,V,Cameroon,Cameroon,Cameroon national football team,Fédération Camerounaise de Football,1.406709103,Cameroon,Cameroon,Republic of Cameroon,Cameroon,Middle Africa,Africa
naturalEarthCountries.country.40,Canada|Northern America|North America,7/16/2014 21:47:44,V,Canada,Canada,,,0.1,Canada,Canada,Canada,Canada,Northern America,North America
naturalEarthCountries.country.53,Cape Verde|Western Africa|Africa,7/16/2014 21:47:44,V,Cape Verde,Cape Verde,,,0.1,Cape Verde,Cape Verde,Republic of Cape Verde,Cape Verde,Western Africa,Africa
naturalEarthCountries.country.58,Cayman Is.|Caribbean|North America,7/16/2014 21:47:44,V,Cayman Islands,Cayman Islands,,,0.1,Cayman Is.,Cayman Islands,Cayman Islands,Cayman Islands,Caribbean,North America
naturalEarthCountries.country.39,Central African Rep.|Middle Africa|Africa,7/16/2014 21:47:44,V,Central African Republic national football team,Central African Republic national football team,Central African Republic,Central African Republic national basketball team,0.4365451861,Central African Rep.,Central African Republic,Central African Republic,Central African Republic,Middle Africa,Africa
naturalEarthCountries.country.222,Chad|Middle Africa|Africa,7/16/2014 21:47:44,V,Chad,Chad,United States Ambassador to Chad,,1.493389701,Chad,Chad,Republic of Chad,Chad,Middle Africa,Africa
naturalEarthCountries.country.42,Chile|South America|South America,7/16/2014 21:47:44,V,Chile,Chile,Chile national football team,Football Federation of Chile,1.459837696,Chile,Chile,Republic of Chile,Chile,South America,South America
naturalEarthCountries.country.43,China|Eastern Asia|Asia,7/16/2014 21:47:44,V,China,China,,,0.1,China,China,People's Republic of China,China,Eastern Asia,Asia
naturalEarthCountries.country.45,Clipperton I.|Central America|Seven seas (open ocean),7/16/2014 21:47:44,V,Clipperton Island,Clipperton Island,John Clipperton,Clipperton Fracture Zone,0.6,Clipperton I.,Clipperton Island,,Clipperton Island,Central America,Seven seas (open ocean)
naturalEarthCountries.country.51,Colombia|South America|South America,7/16/2014 21:47:44,V,Colombia,Colombia,Gran Colombia,Colombia national football team,1.4007002,Colombia,Colombia,Republic of Colombia,Colombia,South America,South America
naturalEarthCountries.country.52,Comoros|Eastern Africa|Africa,7/16/2014 21:47:44,V,Comoros,Comoros,,,0.1,Comoros,Comoros,Union of the Comoros,Comoros,Eastern Africa,Africa
naturalEarthCountries.country.50,Cook Is.|Polynesia|Oceania,7/16/2014 21:47:44,V,Cook Islands,Cook Islands,,,0.1,Cook Is.,Cook Islands,,Cook Islands,Polynesia,Oceania
naturalEarthCountries.country.55,Coral Sea Is.|Australia and New Zealand|Oceania,7/16/2014 21:47:44,V,Coral Sea Islands,Coral Sea Islands,Coral Sea,List of fishes of the Coral Sea,0.9026801898,Coral Sea Is.,Coral Sea Islands,Coral Sea Islands Territory,Coral Sea Islands,Australia and New Zealand,Oceania
naturalEarthCountries.country.54,Costa Rica|Central America|North America,7/16/2014 21:47:44,V,Costa Rica,Costa Rica,Costa Rica national football team,Costa Rican Football Federation,1.407312228,Costa Rica,Costa Rica,Republic of Costa Rica,Costa Rica,Central America,North America
naturalEarthCountries.country.44,Côte d'Ivoire|Western Africa|Africa,7/16/2014 21:47:44,V,Ivory Coast,Ivory Coast,Ivory Coast national football team,Fédération Ivoirienne de Football,1.768768708,Côte d'Ivoire,Côte d'Ivoire,Republic of Ivory Coast,Ivory Coast,Western Africa,Africa
naturalEarthCountries.country.100,Croatia|Southern Europe|Europe,7/16/2014 21:47:44,V,Croatia,Croatia,Independence of Croatia,Socialist Republic of Croatia,1.434145263,Croatia,Croatia,Republic of Croatia,Croatia,Southern Europe,Europe
naturalEarthCountries.country.56,Cuba|Caribbean|North America,7/16/2014 21:47:44,V,Cuba,Cuba,Republic of Cuba (1902–1959),,1.509488047,Cuba,Cuba,Republic of Cuba,Cuba,Caribbean,North America
naturalEarthCountries.country.57,Curaçao|Caribbean|North America,7/16/2014 21:47:44,V,Curaçao,Curaçao,,,0.1,Curaçao,Curaçao,Curaçao,Curaçao,Caribbean,North America
naturalEarthCountries.country.60,Cyprus|Western Asia|Asia,7/16/2014 21:47:44,V,Cyprus,Cyprus,Ecological and Environmental Movement,,1.481986857,Cyprus,Cyprus,Republic of Cyprus,Cyprus,Western Asia,Asia
naturalEarthCountries.country.47,Cyprus U.N. Buffer Zone|Western Asia|Asia,7/16/2014 21:47:44,V,United Nations Buffer Zone in Cyprus,United Nations Buffer Zone in Cyprus,Buffer zone,Buffer Zone II,0.03728435934,Cyprus U.N. Buffer Zone,Cyprus U.N. Buffer Zone,Cyprus No Mans Land,Cyprus No Mans Area,Western Asia,Asia
naturalEarthCountries.country.61,Czech Rep.|Eastern Europe|Europe,7/16/2014 21:47:44,V,Czech Republic,Czech Republic,Czech Republic national beach soccer team,Football Association of the Czech Republic,0.9141324192,Czech Rep.,Czech Republic,Czech Republic,Czech Republic,Eastern Europe,Europe
naturalEarthCountries.country.185,Dem. Rep. Korea|Eastern Asia|Asia,7/16/2014 21:47:44,V,North Korea,North Korea,Reps,Rep,0.8747011235,Dem. Rep. Korea,Dem. Rep. Korea,Democratic People's Republic of Korea,North Korea,Eastern Asia,Asia
naturalEarthCountries.country.48,Dem. Rep. Congo|Middle Africa|Africa,7/16/2014 21:47:44,V,Democratic Republic of the Congo,Democratic Republic of the Congo,DR Congo national football team,Republic of the Congo (Léopoldville),1.592812154,Dem. Rep. Congo,Democratic Republic of the Congo,Democratic Republic of the Congo,Democratic Republic of the Congo,Middle Africa,Africa
naturalEarthCountries.country.65,Denmark|Northern Europe|Europe,7/16/2014 21:47:44,V,Denmark,Denmark,History of Denmark,Denmark–Norway,1.437171346,Denmark,Denmark,Kingdom of Denmark,Denmark,Northern Europe,Europe
naturalEarthCountries.country.71,Dhekelia|Western Asia|Asia,7/16/2014 21:47:44,V,Akrotiri and Dhekelia,Akrotiri and Dhekelia,,,0.1,Dhekelia,Dhekelia,,Dhekelia Sovereign Base Area,Western Asia,Asia
naturalEarthCountries.country.63,Djibouti|Eastern Africa|Africa,7/16/2014 21:47:44,V,Djibouti,Djibouti,Djibouti national football team,,1.425160489,Djibouti,Djibouti,Republic of Djibouti,Djibouti,Eastern Africa,Africa
naturalEarthCountries.country.64,Dominica|Caribbean|North America,7/16/2014 21:47:44,V,Dominica,Dominica,,,0.1,Dominica,Dominica,Commonwealth of Dominica,Dominica,Caribbean,North America
naturalEarthCountries.country.66,Dominican Rep.|Caribbean|North America,7/16/2014 21:47:44,V,Dominican Republic,Dominican Republic,Dominican Republic Davis Cup team,Dominican Republic national football team,1.119187587,Dominican Rep.,Dominican Republic,Dominican Republic,Dominican Republic,Caribbean,North America
naturalEarthCountries.country.68,Ecuador|South America|South America,7/16/2014 21:47:44,V,Ecuador,Ecuador,Ecuador national football team,Ecuadorian Football Federation,1.490704263,Ecuador,Ecuador,Republic of Ecuador,Ecuador,South America,South America
naturalEarthCountries.country.69,Egypt|Northern Africa|Africa,7/16/2014 21:47:44,V,Egypt,Egypt,History of modern Egypt,,1.452434986,Egypt,Egypt,Arab Republic of Egypt,Egypt,Northern Africa,Africa
naturalEarthCountries.country.206,El Salvador|Central America|North America,7/16/2014 21:47:44,V,El Salvador,El Salvador,,,0.1,El Salvador,El Salvador,Republic of El Salvador,El Salvador,Central America,North America
naturalEarthCountries.country.90,Eq. Guinea|Middle Africa|Africa,7/16/2014 21:47:44,V,Equatorial Guinea,Equatorial Guinea,Equatorial Guinea national football team,Equatorial Guinea women's national football team,1.850052336,Eq. Guinea,Equatorial Guinea,Republic of Equatorial Guinea,Equatorial Guinea,Middle Africa,Africa
naturalEarthCountries.country.70,Eritrea|Eastern Africa|Africa,7/16/2014 21:47:44,V,Eritrea,Eritrea,,,0.1,Eritrea,Eritrea,State of Eritrea,Eritrea,Eastern Africa,Africa
naturalEarthCountries.country.73,Estonia|Northern Europe|Europe,7/16/2014 21:47:44,V,Estonia,Estonia,History of Estonia,Estonian Soviet Socialist Republic,1.490259848,Estonia,Estonia,Republic of Estonia,Estonia,Northern Europe,Europe
naturalEarthCountries.country.74,Ethiopia|Eastern Africa|Africa,7/16/2014 21:47:44,V,Ethiopia,Ethiopia,Ethiopian Empire,Ethiopia national football team,1.513567767,Ethiopia,Ethiopia,Federal Democratic Republic of Ethiopia,Ethiopia,Eastern Africa,Africa
naturalEarthCountries.country.79,Faeroe Is.|Northern Europe|Europe,7/16/2014 21:47:44,V,Faroe Islands,Botany of the Faeroes,Faroe Islands,Hotel Føroyar,0.4242796521,Faeroe Is.,Faeroe Islands,Føroyar Is. (Faeroe Is.),Faroe Islands,Northern Europe,Europe
naturalEarthCountries.country.77,Falkland Is.|South America|South America,7/16/2014 21:47:44,V,Falkland Islands,Falkland Islands,Falkland,Falkland Islanders,0.5224553913,Falkland Is.,Falkland Islands,Falkland Islands,Falkland Islands,South America,South America
naturalEarthCountries.country.80,Micronesia|Micronesia|Oceania,7/16/2014 21:47:44,V,Micronesia,Micronesia,Federated States of Micronesia,Survivor: Micronesia,0.1002255559,Micronesia,Federated States of Micronesia,Federated States of Micronesia,Federated States of Micronesia,Micronesia,Oceania
naturalEarthCountries.country.76,Fiji|Melanesia|Oceania,7/16/2014 21:47:44,V,Fiji,Fiji,,,0.1,Fiji,Fiji,Republic of Fiji,Fiji,Melanesia,Oceania
naturalEarthCountries.country.75,Finland|Northern Europe|Europe,7/16/2014 21:47:44,V,Finland,Finland,Finnish Declaration of Independence,,1.490200972,Finland,Finland,Republic of Finland,Finland,Northern Europe,Europe
naturalEarthCountries.country.78,France|Western Europe|Europe,7/16/2014 21:47:44,V,France,France,,,0.1,France,France,French Republic,France,Western Europe,Europe
naturalEarthCountries.country.189,Fr. Polynesia|Polynesia|Oceania,7/16/2014 21:47:44,V,French Polynesia,French Polynesia,Elections in French Polynesia,Politics of French Polynesia,1.590409013,Fr. Polynesia,French Polynesia,French Polynesia,French Polynesia,Polynesia,Oceania
naturalEarthCountries.country.14,Fr. S. Antarctic Lands|Seven seas (open ocean)|Seven seas (open ocean),7/16/2014 21:47:44,V,French Southern and Antarctic Lands,French Southern and Antarctic Lands,FRS,FR,0.9676274522,Fr. S. Antarctic Lands,French Southern and Antarctic Lands,Territory of the French Southern and Antarctic Lands,French Southern and Antarctic Lands,Seven seas (open ocean),Seven seas (open ocean)
naturalEarthCountries.country.81,Gabon|Middle Africa|Africa,7/16/2014 21:47:44,V,Gabon,Gabon,Gabon national football team,Fédération Gabonaise de Football,1.467109619,Gabon,Gabon,Gabonese Republic,Gabon,Middle Africa,Africa
naturalEarthCountries.country.83,Georgia|Western Asia|Asia,7/16/2014 21:47:44,V,Georgia (country),Georgia (U.S. state),,,0.1,Georgia,Georgia,Georgia,Georgia,Western Asia,Asia
naturalEarthCountries.country.62,Germany|Western Europe|Europe,7/16/2014 21:47:44,V,Germany,Germany,West Germany,,1.130111372,Germany,Germany,Federal Republic of Germany,Germany,Western Europe,Europe
naturalEarthCountries.country.85,Ghana|Western Africa|Africa,7/16/2014 21:47:44,V,Ghana,Ghana,United States Ambassador to Ghana,Ghanaian nationality law,1.478804381,Ghana,Ghana,Republic of Ghana,Ghana,Western Africa,Africa
naturalEarthCountries.country.86,Gibraltar|Southern Europe|Europe,7/16/2014 21:47:44,V,Gibraltar,Gibraltar,,,0.1,Gibraltar,Gibraltar,,Gibraltar,Southern Europe,Europe
naturalEarthCountries.country.91,Greece|Southern Europe|Europe,7/16/2014 21:47:44,V,Greece,Greece,Second Hellenic Republic,First Hellenic Republic,1.354608996,Greece,Greece,Hellenic Republic,Greece,Southern Europe,Europe
naturalEarthCountries.country.93,Greenland|Northern America|North America,7/16/2014 21:47:44,V,Greenland,Greenland,,,0.1,Greenland,Greenland,Greenland,Greenland,Northern America,North America
naturalEarthCountries.country.92,Grenada|Caribbean|North America,7/16/2014 21:47:44,V,Grenada,Grenada,,,0.1,Grenada,Grenada,Grenada,Grenada,Caribbean,North America
naturalEarthCountries.country.95,Guam|Micronesia|Oceania,7/16/2014 21:47:44,V,Guam,Guam,Guam national football team,Battle of Guam (1944),1.524309028,Guam,Guam,Territory of Guam,Guam,Micronesia,Oceania
naturalEarthCountries.country.94,Guatemala|Central America|North America,7/16/2014 21:47:44,V,Guatemala,Guatemala,Guatemala national football team,National Football Federation of Guatemala,1.440099912,Guatemala,Guatemala,Republic of Guatemala,Guatemala,Central America,North America
naturalEarthCountries.country.84,Guernsey|Northern Europe|Europe,7/16/2014 21:47:44,V,Guernsey,Guernsey,List of islands of the Bailiwick of Guernsey,Politics of Guernsey,1.431333859,Guernsey,Guernsey,Bailiwick of Guernsey,Guernsey,Northern Europe,Europe
naturalEarthCountries.country.87,Guinea|Western Africa|Africa,7/16/2014 21:47:44,V,Guinea,Guinea,Guinea-Bissau,List of Ambassadors of the United Kingdom to Guinea,1.451176866,Guinea,Guinea,Republic of Guinea,Guinea,Western Africa,Africa
naturalEarthCountries.country.89,Guinea-Bissau|Western Africa|Africa,7/16/2014 21:47:44,V,Guinea-Bissau,Guinea-Bissau,Guinea-Bissau national football team,Bissau-Guinean records in athletics,1.880625378,Guinea-Bissau,Guinea-Bissau,Republic of Guinea-Bissau,Guinea Bissau,Western Africa,Africa
naturalEarthCountries.country.96,Guyana|South America|South America,7/16/2014 21:47:44,V,Guyana,Guyana,,,0.1,Guyana,Guyana,Co-operative Republic of Guyana,Guyana,South America,South America
naturalEarthCountries.country.101,Haiti|Caribbean|North America,7/16/2014 21:47:44,V,Haiti,Haiti,United States Ambassador to Haiti,,1.502026675,Haiti,Haiti,Republic of Haiti,Haiti,Caribbean,North America
naturalEarthCountries.country.98,Heard I. and McDonald Is.|Seven seas (open ocean)|Seven seas (open ocean),7/16/2014 21:47:44,V,Heard Island and McDonald Islands,Heard Island and McDonald Islands,Geography of the Heard and McDonald Islands,List of birds of Heard and McDonald Islands,0.5787899981,Heard I. and McDonald Is.,Heard I. and McDonald Islands,Territory of Heard Island and McDonald Islands,Heard Island and McDonald Islands,Seven seas (open ocean),Seven seas (open ocean)
naturalEarthCountries.country.99,Honduras|Central America|North America,7/16/2014 21:47:44,V,Honduras,Honduras,,,0.1,Honduras,Honduras,Republic of Honduras,Honduras,Central America,North America
naturalEarthCountries.country.97,Hong Kong|Eastern Asia|Asia,7/16/2014 21:47:44,V,Hong Kong,Hong Kong,Hong Kong Special Administrative Region Establishment Day,Hong Kong Special Administrative Region passport,1.197260522,Hong Kong,Hong Kong,"Hong Kong Special Administrative Region, PRC",Hong Kong S.A.R.,Eastern Asia,Asia
naturalEarthCountries.country.102,Hungary|Eastern Europe|Europe,7/16/2014 21:47:44,V,Hungary,Hungary,Hungarian Republic (1946–49),,1.21868808,Hungary,Hungary,Republic of Hungary,Hungary,Eastern Europe,Europe
naturalEarthCountries.country.111,Iceland|Northern Europe|Europe,7/16/2014 21:47:44,V,Iceland,Iceland,Founding of the Republic of Iceland,"Icelandic constitutional referendum, 1944",1.436511274,Iceland,Iceland,Republic of Iceland,Iceland,Northern Europe,Europe
naturalEarthCountries.country.105,India|Southern Asia|Asia,7/16/2014 21:47:44,V,India,India,History of the Republic of India,Constitution of India,1.543202142,India,India,Republic of India,India,Southern Asia,Asia
naturalEarthCountries.country.106,Indian Ocean Ter.|Seven seas (open ocean)|Asia,7/16/2014 21:47:44,V,,British Indian Ocean Territory,Indian Ocean,Subtropical Indian Ocean Dipole,0.5586776905,Indian Ocean Ter.,Indian Ocean Territories,,Indian Ocean Territories,Seven seas (open ocean),Asia
naturalEarthCountries.country.103,Indonesia|South-Eastern Asia|Asia,7/16/2014 21:47:44,V,Indonesia,Indonesia,Republic of Indonesia (1949–50),Indonesia national football team,1.495236985,Indonesia,Indonesia,Republic of Indonesia,Indonesia,South-Eastern Asia,Asia
naturalEarthCountries.country.109,Iran|Southern Asia|Asia,7/16/2014 21:47:44,V,Iran,Iran,History of the Islamic Republic of Iran,Iran national football team,1.526870847,Iran,Iran,Islamic Republic of Iran,Iran,Southern Asia,Asia
naturalEarthCountries.country.110,Iraq|Western Asia|Asia,7/16/2014 21:47:44,V,Iraq,Iraq,Iraqi Republic (1958–68),Ba'athist Iraq,1.11936492,Iraq,Iraq,Republic of Iraq,Iraq,Western Asia,Asia
naturalEarthCountries.country.108,Ireland|Northern Europe|Europe,7/16/2014 21:47:44,V,Ireland,Ireland,,,0.1,Ireland,Ireland,Ireland,Ireland,Northern Europe,Europe
naturalEarthCountries.country.104,Isle of Man|Northern Europe|Europe,7/16/2014 21:47:44,V,Isle of Man,Isle of Man,Isle of Man Airport,Ellan Vannin football team,0.9474025974,Isle of Man,Isle of Man,,Isle of Man,Northern Europe,Europe
naturalEarthCountries.country.112,Israel|Western Asia|Asia,7/16/2014 21:47:44,V,Israel,Israel,Yom Ha'atzmaut,History of Israel,1.52143233,Israel,Israel,State of Israel,Israel,Western Asia,Asia
naturalEarthCountries.country.113,Italy|Southern Europe|Europe,7/16/2014 21:47:44,V,Italy,Italy,Italian Republic (Napoleonic),History of the Italian Republic,1.249824294,Italy,Italy,Italian Republic,Italy,Southern Europe,Europe
naturalEarthCountries.country.114,Jamaica|Caribbean|North America,7/16/2014 21:47:44,V,Jamaica,Jamaica,,,0.1,Jamaica,Jamaica,Jamaica,Jamaica,Caribbean,North America
naturalEarthCountries.country.117,Japan|Eastern Asia|Asia,7/16/2014 21:47:44,V,Japan,Japan,,,0.1,Japan,Japan,Japan,Japan,Eastern Asia,Asia
naturalEarthCountries.country.115,Jersey|Northern Europe|Europe,7/16/2014 21:47:44,V,Jersey,Jersey,List of islands of the Bailiwick of Jersey,,1.404739814,Jersey,Jersey,Bailiwick of Jersey,Jersey,Northern Europe,Europe
naturalEarthCountries.country.116,Jordan|Western Asia|Asia,7/16/2014 21:47:44,V,Jordan,Jordan,,,0.1,Jordan,Jordan,Hashemite Kingdom of Jordan,Jordan,Western Asia,Asia
naturalEarthCountries.country.120,Kazakhstan|Central Asia|Asia,7/16/2014 21:47:44,V,Kazakhstan,Kazakhstan,,,0.1,Kazakhstan,Kazakhstan,Republic of Kazakhstan,Kazakhstan,Central Asia,Asia
naturalEarthCountries.country.121,Kenya|Eastern Africa|Africa,7/16/2014 21:47:44,V,Kenya,Kenya,Kenya national cricket team,Kenya national football team,1.503915052,Kenya,Kenya,Republic of Kenya,Kenya,Eastern Africa,Africa
naturalEarthCountries.country.124,Kiribati|Micronesia|Oceania,7/16/2014 21:47:44,V,Kiribati,Kiribati,,,0.1,Kiribati,Kiribati,Republic of Kiribati,Kiribati,Micronesia,Oceania
naturalEarthCountries.country.127,Kosovo|Southern Europe|Europe,7/16/2014 21:47:44,V,Kosovo,Kosovo,,,0.1,Kosovo,Kosovo,Republic of Kosovo,Kosovo,Southern Europe,Europe
naturalEarthCountries.country.128,Kuwait|Western Asia|Asia,7/16/2014 21:47:44,V,Kuwait,Kuwait,,,0.1,Kuwait,Kuwait,State of Kuwait,Kuwait,Western Asia,Asia
naturalEarthCountries.country.122,Kyrgyzstan|Central Asia|Asia,7/16/2014 21:47:44,V,Kyrgyzstan,Kyrgyzstan,Football Federation of the Kyrgyz Republic,Kyrgyzstan national football team,1.467708217,Kyrgyzstan,Kyrgyzstan,Kyrgyz Republic,Kyrgyzstan,Central Asia,Asia
naturalEarthCountries.country.129,Lao PDR|South-Eastern Asia|Asia,7/16/2014 21:47:44,V,Laos,Laos,,,0.1,Lao PDR,Lao PDR,Lao People's Democratic Republic,Laos,South-Eastern Asia,Asia
naturalEarthCountries.country.139,Latvia|Northern Europe|Europe,7/16/2014 21:47:44,V,Latvia,Latvia,Latvian War of Independence,Politics of Latvia,1.488256717,Latvia,Latvia,Republic of Latvia,Latvia,Northern Europe,Europe
naturalEarthCountries.country.130,Lebanon|Western Asia|Asia,7/16/2014 21:47:44,V,Lebanon,Lebanon,List of Ambassadors of the United Kingdom to Lebanon,History of Lebanon,1.34955464,Lebanon,Lebanon,Lebanese Republic,Lebanon,Western Asia,Asia
naturalEarthCountries.country.136,Lesotho|Southern Africa|Africa,7/16/2014 21:47:44,V,Lesotho,Lesotho,,,0.1,Lesotho,Lesotho,Kingdom of Lesotho,Lesotho,Southern Africa,Africa
naturalEarthCountries.country.131,Liberia|Western Africa|Africa,7/16/2014 21:47:44,V,Liberia,Liberia,Liberia national football team,"Liberia, Costa Rica",1.493588886,Liberia,Liberia,Republic of Liberia,Liberia,Western Africa,Africa
naturalEarthCountries.country.132,Libya|Northern Africa|Africa,7/16/2014 21:47:44,V,Libya,Libya,,,0.1,Libya,Libya,Libya,Libya,Northern Africa,Africa
naturalEarthCountries.country.134,Liechtenstein|Western Europe|Europe,7/16/2014 21:47:44,V,Liechtenstein,Liechtenstein,,,0.1,Liechtenstein,Liechtenstein,Principality of Liechtenstein,Liechtenstein,Western Europe,Europe
naturalEarthCountries.country.137,Lithuania|Northern Europe|Europe,7/16/2014 21:47:44,V,Lithuania,Lithuania,History of Lithuania,Lithuanian–Soviet War,1.474723545,Lithuania,Lithuania,Republic of Lithuania,Lithuania,Northern Europe,Europe
naturalEarthCountries.country.138,Luxembourg|Western Europe|Europe,7/16/2014 21:47:44,V,Luxembourg,Luxembourg,Duchy of Luxembourg,Grand Duke of Luxembourg,1.328447401,Luxembourg,Luxembourg,Grand Duchy of Luxembourg,Luxembourg,Western Europe,Europe
naturalEarthCountries.country.140,Macao|Eastern Asia|Asia,7/16/2014 21:47:44,V,Macau,Macau,Macao Special Administrative Region passport,Macao Special Administrative Region Travel Permit,0.8464150101,Macao,Macao,"Macao Special Administrative Region, PRC",Macao S.A.R,Eastern Asia,Asia
naturalEarthCountries.country.149,Macedonia|Southern Europe|Europe,7/16/2014 21:47:44,V,Republic of Macedonia,Republic of Macedonia,,,0.1,Macedonia,Macedonia,Former Yugoslav Republic of Macedonia,Macedonia,Southern Europe,Europe
naturalEarthCountries.country.145,Madagascar|Eastern Africa|Africa,7/16/2014 21:47:44,V,Madagascar,Madagascar,Third Republic of Madagascar,,1.39667991,Madagascar,Madagascar,Republic of Madagascar,Madagascar,Eastern Africa,Africa
naturalEarthCountries.country.160,Malawi|Eastern Africa|Africa,7/16/2014 21:47:44,V,Malawi,Malawi,,,0.1,Malawi,Malawi,Republic of Malawi,Malawi,Eastern Africa,Africa
naturalEarthCountries.country.161,Malaysia|South-Eastern Asia|Asia,7/16/2014 21:47:44,V,Malaysia,Malaysia,Football Association of Malaysia,Malaysia national football team,0.8973247577,Malaysia,Malaysia,Malaysia,Malaysia,South-Eastern Asia,Asia
naturalEarthCountries.country.146,Maldives|Southern Asia|Seven seas (open ocean),7/16/2014 21:47:44,V,Maldives,Maldives,,,0.1,Maldives,Maldives,Republic of Maldives,Maldives,Southern Asia,Seven seas (open ocean)
naturalEarthCountries.country.150,Mali|Western Africa|Africa,7/16/2014 21:47:44,V,Mali,Mali,,,0.1,Mali,Mali,Republic of Mali,Mali,Western Africa,Africa
naturalEarthCountries.country.151,Malta|Southern Europe|Europe,7/16/2014 21:47:44,V,Malta,Malta,,,0.1,Malta,Malta,Republic of Malta,Malta,Southern Europe,Europe
naturalEarthCountries.country.148,Marshall Is.|Micronesia|Oceania,7/16/2014 21:47:44,V,Marshall Islands,Marshall Islands,Elections in the Marshall Islands,Flag of the Marshall Islands,1.945045124,Marshall Is.,Marshall Islands,Republic of the Marshall Islands,Marshall Islands,Micronesia,Oceania
naturalEarthCountries.country.157,Mauritania|Western Africa|Africa,7/16/2014 21:47:44,V,Mauritania,Mauritania,,,0.1,Mauritania,Mauritania,Islamic Republic of Mauritania,Mauritania,Western Africa,Africa
naturalEarthCountries.country.159,Mauritius|Eastern Africa|Seven seas (open ocean),7/16/2014 21:47:44,V,Mauritius,Mauritius,,,0.1,Mauritius,Mauritius,Republic of Mauritius,Mauritius,Eastern Africa,Seven seas (open ocean)
naturalEarthCountries.country.147,Mexico|Central America|North America,7/16/2014 21:47:44,V,Mexico,Mexico,First Mexican Republic,Mexico national football team,1.357610624,Mexico,Mexico,United Mexican States,Mexico,Central America,North America
naturalEarthCountries.country.144,Moldova|Eastern Europe|Europe,7/16/2014 21:47:44,V,Moldova,Moldova,,,0.1,Moldova,Moldova,Republic of Moldova,Moldova,Eastern Europe,Europe
naturalEarthCountries.country.143,Monaco|Western Europe|Europe,7/16/2014 21:47:44,V,Monaco,Monaco,Prince of Monaco,,1.298449943,Monaco,Monaco,Principality of Monaco,Monaco,Western Europe,Europe
naturalEarthCountries.country.154,Mongolia|Eastern Asia|Asia,7/16/2014 21:47:44,V,Mongolia,Mongolia,Mongolian People's Republic,Mongolia national football team,0.9142582119,Mongolia,Mongolia,Mongolia,Mongolia,Eastern Asia,Asia
naturalEarthCountries.country.153,Montenegro|Southern Europe|Europe,7/16/2014 21:47:44,V,Montenegro,Montenegro,,,0.1,Montenegro,Montenegro,Montenegro,Montenegro,Southern Europe,Europe
naturalEarthCountries.country.158,Montserrat|Caribbean|North America,7/16/2014 21:47:44,V,Montserrat,Montserrat,,,0.1,Montserrat,Montserrat,,Montserrat,Caribbean,North America
naturalEarthCountries.country.142,Morocco|Northern Africa|Africa,7/16/2014 21:47:44,V,Morocco,Morocco,French protectorate in Morocco,List of rulers of Morocco,1.468256433,Morocco,Morocco,Kingdom of Morocco,Morocco,Northern Africa,Africa
naturalEarthCountries.country.156,Mozambique|Eastern Africa|Africa,7/16/2014 21:47:44,V,Mozambique,Mozambique,,,0.1,Mozambique,Mozambique,Republic of Mozambique,Mozambique,Eastern Africa,Africa
naturalEarthCountries.country.152,Myanmar|South-Eastern Asia|Asia,7/16/2014 21:47:44,V,Burma,Burma,Myanmar national football team,Myanmar Football Federation,1.504023431,Myanmar,Myanmar,Republic of the Union of Myanmar,Myanmar,South-Eastern Asia,Asia
naturalEarthCountries.country.162,Namibia|Southern Africa|Africa,7/16/2014 21:47:44,V,Namibia,Namibia,Namibia national cricket team,Namibia national rugby union team,1.472103907,Namibia,Namibia,Republic of Namibia,Namibia,Southern Africa,Africa
naturalEarthCountries.country.172,Nauru|Micronesia|Oceania,7/16/2014 21:47:44,V,Nauru,Nauru,,,0.1,Nauru,Nauru,Republic of Nauru,Nauru,Micronesia,Oceania
naturalEarthCountries.country.171,Nepal|Southern Asia|Asia,7/16/2014 21:47:44,V,Nepal,Nepal,Kingdom of Nepal,Nepal national cricket team,0.9201796651,Nepal,Nepal,Nepal,Nepal,Southern Asia,Asia
naturalEarthCountries.country.169,Netherlands|Western Europe|Europe,7/16/2014 21:47:44,V,Netherlands,Netherlands,Kingdom of the Netherlands,United Kingdom of the Netherlands,0.3201728351,Netherlands,Netherlands,Kingdom of the Netherlands,Netherlands,Western Europe,Europe
naturalEarthCountries.country.163,New Caledonia|Melanesia|Oceania,7/16/2014 21:47:44,V,New Caledonia,New Caledonia,New Caledonia national football team,New Caledonian Football Federation,0.8880921602,New Caledonia,New Caledonia,New Caledonia,New Caledonia,Melanesia,Oceania
naturalEarthCountries.country.173,New Zealand|Australia and New Zealand|Oceania,7/16/2014 21:47:44,V,New Zealand,New Zealand,,,0.1,New Zealand,New Zealand,New Zealand,New Zealand,Australia and New Zealand,Oceania
naturalEarthCountries.country.167,Nicaragua|Central America|North America,7/16/2014 21:47:44,V,Nicaragua,Nicaragua,,,0.1,Nicaragua,Nicaragua,Republic of Nicaragua,Nicaragua,Central America,North America
naturalEarthCountries.country.164,Niger|Western Africa|Africa,7/16/2014 21:47:44,V,Niger,Niger,,,0.1,Niger,Niger,Republic of Niger,Niger,Western Africa,Africa
naturalEarthCountries.country.166,Nigeria|Western Africa|Africa,7/16/2014 21:47:44,V,Nigeria,Nigeria,United States Ambassador to Nigeria,,1.500325582,Nigeria,Nigeria,Federal Republic of Nigeria,Nigeria,Western Africa,Africa
naturalEarthCountries.country.168,Niue|Polynesia|Oceania,7/16/2014 21:47:44,V,Niue,Niue,,,0.1,Niue,Niue,,Niue,Polynesia,Oceania
naturalEarthCountries.country.165,Norfolk Island|Australia and New Zealand|Oceania,7/16/2014 21:47:44,V,Norfolk Island,Norfolk Island,Norfolk Island Airport,Norfolk Island at the 2006 Commonwealth Games,1.580274452,Norfolk Island,Norfolk Island,Territory of Norfolk Island,Norfolk Island,Australia and New Zealand,Oceania
naturalEarthCountries.country.59,N. Cyprus|Western Asia|Asia,7/16/2014 21:47:44,V,Northern Cyprus,Northern Cyprus,Cyprus,N+,0.8720590876,N. Cyprus,Northern Cyprus,Turkish Republic of Northern Cyprus,Northern Cyprus,Western Asia,Asia
naturalEarthCountries.country.155,N. Mariana Is.|Micronesia|Oceania,7/16/2014 21:47:44,V,Northern Mariana Islands,Northern Mariana Islands,Mariana,Mariana (novel),0.8774965784,N. Mariana Is.,Northern Mariana Islands,Commonwealth of the Northern Mariana Islands,Northern Mariana Islands,Micronesia,Oceania
naturalEarthCountries.country.170,Norway|Northern Europe|Europe,7/16/2014 21:47:44,V,Norway,Norway,Norway national football team,Football Association of Norway,1.450183491,Norway,Norway,Kingdom of Norway,Norway,Northern Europe,Europe
naturalEarthCountries.country.174,Oman|Western Asia|Asia,7/16/2014 21:47:44,V,Oman,Oman,,,0.1,Oman,Oman,Sultanate of Oman,Oman,Western Asia,Asia
naturalEarthCountries.country.175,Pakistan|Southern Asia|Asia,7/16/2014 21:47:44,V,Pakistan,Pakistan,East Bengal,West Pakistan,1.501181583,Pakistan,Pakistan,Islamic Republic of Pakistan,Pakistan,Southern Asia,Asia
naturalEarthCountries.country.181,Palau|Micronesia|Oceania,7/16/2014 21:47:44,V,Palau,Palau,Laia Palau,Survivor: Palau,1.495473652,Palau,Palau,Republic of Palau,Palau,Micronesia,Oceania
naturalEarthCountries.country.188,Palestine|Western Asia|Asia,7/16/2014 21:47:44,V,Palestine,Palestine,Palestinian territories,Israeli-occupied territories,0.215428555,Palestine,Palestine,West Bank and Gaza,Palestine,Western Asia,Asia
naturalEarthCountries.country.176,Panama|Central America|North America,7/16/2014 21:47:44,V,Panama,Panama,History of Panama (1821–1903),,1.489133904,Panama,Panama,Republic of Panama,Panama,Central America,North America
naturalEarthCountries.country.182,Papua New Guinea|Melanesia|Oceania,7/16/2014 21:47:44,V,Papua New Guinea,Papua New Guinea,,,0.1,Papua New Guinea,Papua New Guinea,Independent State of Papua New Guinea,Papua New Guinea,Melanesia,Oceania
naturalEarthCountries.country.187,Paraguay|South America|South America,7/16/2014 21:47:44,V,Paraguay,Paraguay,Paraguay national football team,Paraguayan Football Association,1.295829116,Paraguay,Paraguay,Republic of Paraguay,Paraguay,South America,South America
naturalEarthCountries.country.178,Peru|South America|South America,7/16/2014 21:47:44,V,Peru,Peru,,,0.1,Peru,Peru,Republic of Peru,Peru,South America,South America
naturalEarthCountries.country.180,Philippines|South-Eastern Asia|Asia,7/16/2014 21:47:44,V,Philippines,Philippines,Second Philippine Republic,Philippines national football team,1.54551047,Philippines,Philippines,Republic of the Philippines,Philippines,South-Eastern Asia,Asia
naturalEarthCountries.country.177,Pitcairn Is.|Polynesia|Oceania,7/16/2014 21:47:44,V,Pitcairn Islands,Pitcairn Islands,Theodore Pitcairn,Joseph Pitcairn,0.9030464804,Pitcairn Is.,Pitcairn Islands,"Pitcairn, Henderson, Ducie and Oeno Islands",Pitcairn Islands,Polynesia,Oceania
naturalEarthCountries.country.183,Poland|Eastern Europe|Europe,7/16/2014 21:47:44,V,Poland,Poland,Polish People's Republic,Second Polish Republic,1.187152958,Poland,Poland,Republic of Poland,Poland,Eastern Europe,Europe
naturalEarthCountries.country.186,Portugal|Southern Europe|Europe,7/16/2014 21:47:44,V,Portugal,Portugal,First Portuguese Republic,Estado Novo (Portugal),1.291604465,Portugal,Portugal,Portuguese Republic,Portugal,Southern Europe,Europe
naturalEarthCountries.country.184,Puerto Rico|Caribbean|North America,7/16/2014 21:47:44,V,Puerto Rico,Puerto Rico,Commonwealth (U.S. insular area),,1.521227216,Puerto Rico,Puerto Rico,Commonwealth of Puerto Rico,Puerto Rico,Caribbean,North America
naturalEarthCountries.country.190,Qatar|Western Asia|Asia,7/16/2014 21:47:44,V,Qatar,Qatar,United States Ambassador to Qatar,Kuwait,1.397180056,Qatar,Qatar,State of Qatar,Qatar,Western Asia,Asia
naturalEarthCountries.country.49,Congo|Middle Africa|Africa,7/16/2014 21:47:44,V,Republic of the Congo,Republic of the Congo,Democratic Republic of the Congo,Republic of the Congo (Léopoldville),0.2854089438,Congo,Republic of Congo,Republic of Congo,Republic of Congo,Middle Africa,Africa
naturalEarthCountries.country.126,Korea|Eastern Asia|Asia,7/16/2014 21:47:44,V,South Korea,South Korea,Korea,South Korea national football team,0.04602972269,Korea,Republic of Korea,Republic of Korea,South Korea,Eastern Asia,Asia
naturalEarthCountries.country.191,Romania|Eastern Europe|Europe,7/16/2014 21:47:44,V,Romania,Romania,Romania national football team,Romanian Football Federation,0.890566336,Romania,Romania,Romania,Romania,Eastern Europe,Europe
naturalEarthCountries.country.192,Russia|Eastern Europe|Europe,7/16/2014 21:47:44,V,Russia,Russia,Russian Soviet Federative Socialist Republic,Cinema of Russia,1.50729572,Russia,Russian Federation,Russian Federation,Russia,Eastern Europe,Europe
naturalEarthCountries.country.193,Rwanda|Eastern Africa|Africa,7/16/2014 21:47:44,V,Rwanda,Rwanda,,,0.1,Rwanda,Rwanda,Republic of Rwanda,Rwanda,Eastern Africa,Africa
naturalEarthCountries.country.203,Saint Helena|Western Africa|Seven seas (open ocean),7/16/2014 21:47:44,V,Saint Helena,Saint Helena,,,0.1,Saint Helena,Saint Helena,,Saint Helena,Western Africa,Seven seas (open ocean)
naturalEarthCountries.country.125,St. Kitts and Nevis|Caribbean|North America,7/16/2014 21:47:44,V,Saint Kitts and Nevis,Saint Kitts and Nevis,Saint Kitts and Nevis national football team,St. Kitts and Nevis Football Association,1.656369372,St. Kitts and Nevis,Saint Kitts and Nevis,Federation of Saint Kitts and Nevis,Saint Kitts and Nevis,Caribbean,North America
naturalEarthCountries.country.133,Saint Lucia|Caribbean|North America,7/16/2014 21:47:44,V,Saint Lucia,Saint Lucia,,,0.1,Saint Lucia,Saint Lucia,Saint Lucia,Saint Lucia,Caribbean,North America
naturalEarthCountries.country.210,St. Pierre and Miquelon|Northern America|North America,7/16/2014 21:47:44,V,Saint Pierre and Miquelon,Saint Pierre and Miquelon,Saint Pierre and Miquelon national football team,Elections in Saint Pierre and Miquelon,1.588940095,St. Pierre and Miquelon,Saint Pierre and Miquelon,Saint Pierre and Miquelon,Saint Pierre and Miquelon,Northern America,North America
naturalEarthCountries.country.243,St. Vin. and Gren.|Caribbean|North America,7/16/2014 21:47:44,V,Saint Vincent and the Grenadines,Saint Vincent and the Grenadines,Grens,Gren,0.4756228104,St. Vin. and Gren.,Saint Vincent and the Grenadines,Saint Vincent and the Grenadines,Saint Vincent and the Grenadines,Caribbean,North America
naturalEarthCountries.country.29,St-Barthélemy|Caribbean|North America,7/16/2014 21:47:44,V,Saint Barthélemy,Saint Barthélemy,Barthélemy,Barthélemy Vimont,0.7150603586,St-Barthélemy,Saint-Barthélemy,Saint-Barthélemy,Saint Barthelemy,Caribbean,North America
naturalEarthCountries.country.141,St-Martin|Caribbean|North America,7/16/2014 21:47:44,V,"Saint-Martin, Valais","Saint-Martin, Valais",Saint Martin,Martin French,0.02541017079,St-Martin,Saint-Martin,Saint-Martin (French part),Saint Martin,Caribbean,North America
naturalEarthCountries.country.251,Samoa|Polynesia|Oceania,7/16/2014 21:47:44,V,Samoa,Samoa,,,0.1,Samoa,Samoa,Independent State of Samoa,Samoa,Polynesia,Oceania
naturalEarthCountries.country.207,San Marino|Southern Europe|Europe,7/16/2014 21:47:44,V,San Marino,San Marino,,,0.1,San Marino,San Marino,Republic of San Marino,San Marino,Southern Europe,Europe
naturalEarthCountries.country.212,São Tomé and Principe|Middle Africa|Africa,7/16/2014 21:47:44,V,São Tomé and Príncipe,São Tomé and Príncipe,"Almeirim, São Tomé and Principe",2011 São Tomé and Principe Championship,1.281324128,São Tomé and Principe,São Tomé and Principe,Democratic Republic of São Tomé and Principe,Sao Tome and Principe,Middle Africa,Africa
naturalEarthCountries.country.195,Saudi Arabia|Western Asia|Asia,7/16/2014 21:47:44,V,Saudi Arabia,Saudi Arabia,Saudi Arabia national football team,Saudi Arabian Football Federation,1.429360016,Saudi Arabia,Saudi Arabia,Kingdom of Saudi Arabia,Saudi Arabia,Western Asia,Asia
naturalEarthCountries.country.196,Scarborough Reef|South-Eastern Asia|Asia,7/16/2014 21:47:44,V,Scarborough Shoal,Scarborough Shoal,,,0.1,Scarborough Reef,Scarborough Reef,,Scarborough Reef,South-Eastern Asia,Asia
naturalEarthCountries.country.199,Senegal|Western Africa|Africa,7/16/2014 21:47:44,V,Senegal,Senegal,United States Ambassador to Senegal,,1.417883258,Senegal,Senegal,Republic of Senegal,Senegal,Western Africa,Africa
naturalEarthCountries.country.211,Serbia|Southern Europe|Europe,7/16/2014 21:47:44,V,Serbia,Serbia,Republic of Serbia (1992–2006),National Bank of Serbia,1.368752319,Serbia,Serbia,Republic of Serbia,Republic of Serbia,Southern Europe,Europe
naturalEarthCountries.country.200,Serranilla Bank|Caribbean|North America,7/16/2014 21:47:44,V,Serranilla Bank,Serranilla Bank,,,0.1,Serranilla Bank,Serranilla Bank,,Serranilla Bank,Caribbean,North America
naturalEarthCountries.country.219,Seychelles|Eastern Africa|Seven seas (open ocean),7/16/2014 21:47:44,V,Seychelles,Seychelles,,,0.1,Seychelles,Seychelles,Republic of Seychelles,Seychelles,Eastern Africa,Seven seas (open ocean)
naturalEarthCountries.country.119,Siachen Glacier|Southern Asia|Asia,7/16/2014 21:47:44,V,Siachen Glacier,Siachen Glacier,Siachen conflict,2012 Siachen Glacier avalanche,0.9719101163,Siachen Glacier,Siachen Glacier,,Siachen Glacier,Southern Asia,Asia
naturalEarthCountries.country.205,Sierra Leone|Western Africa|Africa,7/16/2014 21:47:44,V,Sierra Leone,Sierra Leone,Sierra Leone national football team,Sierra Leone (Commonwealth realm),1.509405656,Sierra Leone,Sierra Leone,Republic of Sierra Leone,Sierra Leone,Western Africa,Africa
naturalEarthCountries.country.201,Singapore|South-Eastern Asia|Asia,7/16/2014 21:47:44,V,Singapore,Singapore,Football Association of Singapore,Singapore national football team,1.494509772,Singapore,Singapore,Republic of Singapore,Singapore,South-Eastern Asia,Asia
naturalEarthCountries.country.218,Sint Maarten|Caribbean|North America,7/16/2014 21:47:44,V,Sint Maarten,Sint Maarten,,,0.1,Sint Maarten,Sint Maarten,Sint Maarten (Dutch part),Sint Maarten,Caribbean,North America
naturalEarthCountries.country.214,Slovakia|Eastern Europe|Europe,7/16/2014 21:47:44,V,Slovakia,Slovakia,,,0.1,Slovakia,Slovakia,Slovak Republic,Slovakia,Eastern Europe,Europe
naturalEarthCountries.country.215,Slovenia|Southern Europe|Europe,7/16/2014 21:47:44,V,Slovenia,Slovenia,Socialist Republic of Slovenia,,1.437509091,Slovenia,Slovenia,Republic of Slovenia,Slovenia,Southern Europe,Europe
naturalEarthCountries.country.204,Solomon Is.|Melanesia|Oceania,7/16/2014 21:47:44,V,Solomon Islands,Solomon Islands,,,0.1,Solomon Is.,Solomon Islands,,Solomon Islands,Melanesia,Oceania
naturalEarthCountries.country.209,Somalia|Eastern Africa|Africa,7/16/2014 21:47:44,V,Somalia,Somalia,Federal Government of Somalia,,1.418363066,Somalia,Somalia,Federal Republic of Somalia,Somalia,Eastern Africa,Africa
naturalEarthCountries.country.208,Somaliland|Eastern Africa|Africa,7/16/2014 21:47:44,V,Somaliland,Somaliland,,,0.1,Somaliland,Somaliland,Republic of Somaliland,Somaliland,Eastern Africa,Africa
naturalEarthCountries.country.253,South Africa|Southern Africa|Africa,7/16/2014 21:47:44,V,South Africa,South Africa,Apartheid,,1.449859234,South Africa,South Africa,Republic of South Africa,South Africa,Southern Africa,Africa
naturalEarthCountries.country.202,S. Geo. and S. Sandw. Is.|Seven seas (open ocean)|Seven seas (open ocean),7/16/2014 21:47:44,V,South Georgia and the South Sandwich Islands,South Georgia and the South Sandwich Islands,South Georgia and South Sandwich Islands sovereignty dispute,s,0.2800000012,S. Geo. and S. Sandw. Is.,South Georgia and South Sandwich Islands,South Georgia and South Sandwich Islands,South Georgia and South Sandwich Islands,Seven seas (open ocean),Seven seas (open ocean)
naturalEarthCountries.country.198,S. Sudan|Eastern Africa|Africa,7/16/2014 21:47:44,V,South Sudan,South Sudan,The Sudans,Sudan,0.8771351619,S. Sudan,South Sudan,Republic of South Sudan,South Sudan,Eastern Africa,Africa
naturalEarthCountries.country.72,Spain|Southern Europe|Europe,7/16/2014 21:47:44,V,Spain,Spain,,,0.1,Spain,Spain,Kingdom of Spain,Spain,Southern Europe,Europe
naturalEarthCountries.country.179,Spratly Is.|South-Eastern Asia|Asia,7/16/2014 21:47:44,V,Spratly Islands,Spratly Islands,William Spratly,Spratly (surname),0.6,Spratly Is.,Spratly Islands,,Spratly Islands,South-Eastern Asia,Asia
naturalEarthCountries.country.135,Sri Lanka|Southern Asia|Asia,7/16/2014 21:47:44,V,Sri Lanka,Sri Lanka,Sri Lanka national cricket team,Football Federation of Sri Lanka,1.438569783,Sri Lanka,Sri Lanka,Democratic Socialist Republic of Sri Lanka,Sri Lanka,Southern Asia,Asia
naturalEarthCountries.country.197,Sudan|Northern Africa|Africa,7/16/2014 21:47:44,V,Sudan,Sudan,History of Sudan (1956–69),Sudan national football team,1.33973183,Sudan,Sudan,Republic of the Sudan,Sudan,Northern Africa,Africa
naturalEarthCountries.country.213,Suriname|South America|South America,7/16/2014 21:47:44,V,Suriname,Suriname,,,0.1,Suriname,Suriname,Republic of Suriname,Suriname,South America,South America
naturalEarthCountries.country.217,Swaziland|Southern Africa|Africa,7/16/2014 21:47:44,V,Swaziland,Swaziland,House of Dlamini,,1.495006782,Swaziland,Swaziland,Kingdom of Swaziland,Swaziland,Southern Africa,Africa
naturalEarthCountries.country.216,Sweden|Northern Europe|Europe,7/16/2014 21:47:44,V,Sweden,Sweden,,,0.1,Sweden,Sweden,Kingdom of Sweden,Sweden,Northern Europe,Europe
naturalEarthCountries.country.41,Switzerland|Western Europe|Europe,7/16/2014 21:47:44,V,Switzerland,Switzerland,Old Swiss Confederacy,Switzerland in the Napoleonic era,1.057929587,Switzerland,Switzerland,Swiss Confederation,Switzerland,Western Europe,Europe
naturalEarthCountries.country.220,Syria|Western Asia|Asia,7/16/2014 21:47:44,V,Syria,Syria,Syrian Republic (1930–1958),Council of Ministers (Syria),1.482300468,Syria,Syria,Syrian Arab Republic,Syria,Western Asia,Asia
naturalEarthCountries.country.233,Taiwan|Eastern Asia|Asia,7/16/2014 21:47:44,V,Taiwan,Taiwan,Taiwan Province,Taiwan under Japanese rule,0.9594210689,Taiwan,Taiwan,,Taiwan,Eastern Asia,Asia
naturalEarthCountries.country.225,Tajikistan|Central Asia|Asia,7/16/2014 21:47:44,V,Tajikistan,Tajikistan,Tajikistan national football team,Tajikistan Football Federation,1.483666288,Tajikistan,Tajikistan,Republic of Tajikistan,Tajikistan,Central Asia,Asia
naturalEarthCountries.country.234,Tanzania|Eastern Africa|Africa,7/16/2014 21:47:44,V,Tanzania,Tanzania,Tanzania national football team,Tanzania at the 2006 Commonwealth Games,1.548804678,Tanzania,Tanzania,United Republic of Tanzania,United Republic of Tanzania,Eastern Africa,Africa
naturalEarthCountries.country.224,Thailand|South-Eastern Asia|Asia,7/16/2014 21:47:44,V,Thailand,Thailand,,,0.1,Thailand,Thailand,Kingdom of Thailand,Thailand,South-Eastern Asia,Asia
naturalEarthCountries.country.88,Gambia|Western Africa|Africa,7/16/2014 21:47:44,V,The Gambia,The Gambia,,,0.1,Gambia,The Gambia,Republic of the Gambia,Gambia,Western Africa,Africa
naturalEarthCountries.country.227,Timor-Leste|South-Eastern Asia|Asia,7/16/2014 21:47:44,V,East Timor,East Timor,,,0.1,Timor-Leste,Timor-Leste,Democratic Republic of Timor-Leste,East Timor,South-Eastern Asia,Asia
naturalEarthCountries.country.223,Togo|Western Africa|Africa,7/16/2014 21:47:44,V,Togo,Togo,Togo national football team,Fédération Togolaise de Football,1.412913269,Togo,Togo,Togolese Republic,Togo,Western Africa,Africa
naturalEarthCountries.country.228,Tonga|Polynesia|Oceania,7/16/2014 21:47:44,V,Tonga,Tonga,List of High Commissioners of New Zealand to Tonga,,1.317604584,Tonga,Tonga,Kingdom of Tonga,Tonga,Polynesia,Oceania
naturalEarthCountries.country.229,Trinidad and Tobago|Caribbean|North America,7/16/2014 21:47:44,V,Trinidad and Tobago,Trinidad and Tobago,,,0.1,Trinidad and Tobago,Trinidad and Tobago,Republic of Trinidad and Tobago,Trinidad and Tobago,Caribbean,North America
naturalEarthCountries.country.230,Tunisia|Northern Africa|Africa,7/16/2014 21:47:44,V,Tunisia,Tunisia,,,0.1,Tunisia,Tunisia,Republic of Tunisia,Tunisia,Northern Africa,Africa
naturalEarthCountries.country.231,Turkey|Western Asia|Asia,7/16/2014 21:47:44,V,Turkey,Turkey,History of the Republic of Turkey,Republic Day (Turkey),1.513417919,Turkey,Turkey,Republic of Turkey,Turkey,Western Asia,Asia
naturalEarthCountries.country.226,Turkmenistan|Central Asia|Asia,7/16/2014 21:47:44,V,Turkmenistan,Turkmenistan,,,0.1,Turkmenistan,Turkmenistan,Turkmenistan,Turkmenistan,Central Asia,Asia
naturalEarthCountries.country.221,Turks and Caicos Is.|Caribbean|North America,7/16/2014 21:47:44,V,Turks and Caicos Islands,Turks and Caicos Islands,Cabinet of the Turks and Caicos Islands,Bibliography of the Turks and Caicos Islands,0.4918678731,Turks and Caicos Is.,Turks and Caicos Islands,Turks and Caicos Islands,Turks and Caicos Islands,Caribbean,North America
naturalEarthCountries.country.232,Tuvalu|Polynesia|Oceania,7/16/2014 21:47:44,V,Tuvalu,Tuvalu,,,0.1,Tuvalu,Tuvalu,Tuvalu,Tuvalu,Polynesia,Oceania
naturalEarthCountries.country.235,Uganda|Eastern Africa|Africa,7/16/2014 21:47:44,V,Uganda,Uganda,Uganda national football team,Uganda national cricket team,1.517551758,Uganda,Uganda,Republic of Uganda,Uganda,Eastern Africa,Africa
naturalEarthCountries.country.236,Ukraine|Eastern Europe|Europe,7/16/2014 21:47:44,V,Ukraine,Ukraine,,,0.1,Ukraine,Ukraine,Ukraine,Ukraine,Eastern Europe,Europe
naturalEarthCountries.country.8,United Arab Emirates|Western Asia|Asia,7/16/2014 21:47:44,V,United Arab Emirates,United Arab Emirates,United Arab Emirates Football Association,United Arab Emirates national football team,0.85823581,United Arab Emirates,United Arab Emirates,United Arab Emirates,United Arab Emirates,Western Asia,Asia
naturalEarthCountries.country.82,United Kingdom|Northern Europe|Europe,7/16/2014 21:47:44,V,United Kingdom,United Kingdom,United Kingdom of Great Britain and Ireland,English poetry,1.505634202,United Kingdom,United Kingdom,United Kingdom of Great Britain and Northern Ireland,United Kingdom,Northern Europe,Europe
naturalEarthCountries.country.239,United States|Northern America|North America,7/16/2014 21:47:44,V,United States,United States,United States men's national soccer team,United States Soccer Federation,1.563153486,United States,United States,United States of America,United States of America,Northern America,North America
naturalEarthCountries.country.237,U.S. Minor Outlying Is.|Seven seas (open ocean)|North America,7/16/2014 21:47:44,V,United States Minor Outlying Islands,United States Minor Outlying Islands,List of mammals of the United States Minor Outlying Islands,National Register of Historic Places listings in the United States Minor Outlying Islands,0.6112135261,U.S. Minor Outlying Is.,United States Minor Outlying Islands,,United States Minor Outlying Islands,Seven seas (open ocean),North America
naturalEarthCountries.country.246,U.S. Virgin Is.|Caribbean|North America,7/16/2014 21:47:44,V,United States Virgin Islands,United States Virgin Islands,U.S. Virgin Islands Championship,"Mingo Cay, U.S. Virgin Islands",0.825856985,U.S. Virgin Is.,United States Virgin Islands,Virgin Islands of the United States,United States Virgin Islands,Caribbean,North America
naturalEarthCountries.country.238,Uruguay|South America|South America,7/16/2014 21:47:44,V,Uruguay,Uruguay,,,0.1,Uruguay,Uruguay,Oriental Republic of Uruguay,Uruguay,South America,South America
naturalEarthCountries.country.240,USNB Guantanamo Bay|Caribbean|North America,7/16/2014 21:47:44,V,Guantanamo Bay Naval Base,Guantanamo Bay Naval Base,Guantanamo Bay files leak,Guantanamo Bay homicide accusations,0.006306650862,USNB Guantanamo Bay,US Naval Base Guantanamo Bay,,US Naval Base Guantanamo Bay,Caribbean,North America
naturalEarthCountries.country.241,Uzbekistan|Central Asia|Asia,7/16/2014 21:47:44,V,Uzbekistan,Uzbekistan,,,0.1,Uzbekistan,Uzbekistan,Republic of Uzbekistan,Uzbekistan,Central Asia,Asia
naturalEarthCountries.country.248,Vanuatu|Melanesia|Oceania,7/16/2014 21:47:44,V,Vanuatu,Vanuatu,,,0.1,Vanuatu,Vanuatu,Republic of Vanuatu,Vanuatu,Melanesia,Oceania
naturalEarthCountries.country.242,Vatican|Southern Europe|Europe,7/16/2014 21:47:44,V,Vatican City,Vatican City,Holy See,,0.02912691832,Vatican,Vatican,State of the Vatican City,Vatican,Southern Europe,Europe
naturalEarthCountries.country.244,Venezuela|South America|South America,7/16/2014 21:47:44,V,Venezuela,Venezuela,,,0.1,Venezuela,Venezuela,Bolivarian Republic of Venezuela,Venezuela,South America,South America
naturalEarthCountries.country.247,Vietnam|South-Eastern Asia|Asia,7/16/2014 21:47:44,V,Vietnam,Vietnam,Vietnam War,Vietnam national football team,1.451754323,Vietnam,Vietnam,Socialist Republic of Vietnam,Vietnam,South-Eastern Asia,Asia
naturalEarthCountries.country.249,Wallis and Futuna Is.|Polynesia|Oceania,7/16/2014 21:47:44,V,Wallis and Futuna,Wallis and Futuna,Wallis and Futuna national football team,Futuna (Wallis and Futuna),0.88211236,Wallis and Futuna Is.,Wallis and Futuna Islands,Wallis and Futuna Islands,Wallis and Futuna,Polynesia,Oceania
naturalEarthCountries.country.194,W. Sahara|Northern Africa|Africa,7/16/2014 21:47:44,V,Western Sahara,Western Sahara,Sahrawi Arab Democratic Republic,Sahara,0.1860086992,W. Sahara,Western Sahara,Sahrawi Arab Democratic Republic,Western Sahara,Northern Africa,Africa
naturalEarthCountries.country.252,Yemen|Western Asia|Asia,7/16/2014 21:47:44,V,Yemen,Yemen,Yemen national football team,Mutawakkilite Kingdom of Yemen,1.515385196,Yemen,Yemen,Republic of Yemen,Yemen,Western Asia,Asia
naturalEarthCountries.country.254,Zambia|Eastern Africa|Africa,7/16/2014 21:47:44,V,Zambia,Zambia,Zambia national football team,Football Association of Zambia,1.457389223,Zambia,Zambia,Republic of Zambia,Zambia,Eastern Africa,Africa
naturalEarthCountries.country.255,Zimbabwe|Eastern Africa|Africa,7/16/2014 21:47:44,V,Zimbabwe,Zimbabwe,Zimbabwe national cricket team,Zimbabwe national football team,1.354672684,Zimbabwe,Zimbabwe,Republic of Zimbabwe,Zimbabwe,Eastern Africa,Africa